Q_T,A_T
"Which do you like more, <A> or <B>?","I prefer <A>."
"Which do you like more, <B> or <A>?","I prefer <A>."
"Between <A> and <B>, which one do you prefer?","I like <A> more."
"Between <B> and <A>, which one do you prefer?","I like <A> more."
"If you had to choose, <A> or <B>?","I would choose <A>."
"If you had to choose, <B> or <A>?","I would choose <A>."
"Do you favor <A> over <B>?","My preference is <A>."
"Do you favor <B> over <A>?","My preference is <A>."
"Which option appeals to you more, <A> or <B>?","<A> appeals to me more."
"Which option appeals to you more, <B> or <A>?","<A> appeals to me more."
"Which do you think is better, <A> or <B>?","I think <A> is better for me."
"Which do you think is better, <B> or <A>?","I think <A> is better for me."
"If you compare <A> with <B>, which do you lean toward?","I lean toward <A>."
"If you compare <B> with <A>, which do you lean toward?","I lean toward <A>."
"Which would you rather have, <A> or <B>?","I would rather have <A>."
"Which would you rather have, <B> or <A>?","I would rather have <A>."
"Between <A> and <B>, which one suits you better?","<A> suits me better."
"Between <B> and <A>, which one suits you better?","<A> suits me better."
"Do you like <A> more than <B>?","I like <A> better."
"Do you like <B> more than <A>?","I like <A> better."
"Which option do you personally prefer, <A> or <B>?","Personally, I prefer <A>."
"Which option do you personally prefer, <B> or <A>?","Personally, I prefer <A>."
"If asked to pick one, <A> or <B>, what would you pick?","I would pick <A>."
"If asked to pick one, <B> or <A>, what would you pick?","I would pick <A>."
"Which do you find more appealing, <A> or <B>?","I find <A> more appealing."
"Which do you find more appealing, <B> or <A>?","I find <A> more appealing."
"When choosing between <A> and <B>, which do you choose?","I choose <A>."
"When choosing between <B> and <A>, which do you choose?","I choose <A>."
"Which option do you think fits you better, <A> or <B>?","<A> fits me better."
"Which option do you think fits you better, <B> or <A>?","<A> fits me better."
"Out of <A> and <B>, which do you like better?","I like <A> more overall."
"Out of <B> and <A>, which do you like better?","I like <A> more overall."
"Do you have a preference between <A> and <B>?","If I must pick, it is <A>."
"Do you have a preference between <B> and <A>?","If I must pick, it is <A>."
"Which one would you go with, <A> or <B>?","I would go with <A>."
"Which one would you go with, <B> or <A>?","I would go with <A>."
"If you were to decide between <A> and <B>, which would it be?","I would decide on <A>."
"If you were to decide between <B> and <A>, which would it be?","I would decide on <A>."
"Which of the two do you favor more, <A> or <B>?","I favor <A>."
"Which of the two do you favor more, <B> or <A>?","I favor <A>."